{
  "name": "Deny-RDP-From-Internet",
  "type": "Microsoft.Authorization/policyAssignments",
  "apiVersion": "2019-09-01",
  "properties": {
    "description": "This policy denies any network security rule that allows RDP access from Internet.",
    "displayName": "RDP access from the Internet should be blocked",
    "notScopes": [],
    "parameters": {
      "effect": {
        "value": "Deny"
      }
    },
    "policyDefinitionId": "${varTopLevelManagementGroupResourceId}/providers/Microsoft.Authorization/policyDefinitions/Deny-RDP-From-Internet",
    "scope": null,
    "enforcementMode": "Default"
  },
  "location": null,
  "identity": {
    "type": "None"
  }
}