{
  "$schema": "https://schema.management.azure.com/schemas/2019-04-01/deploymentParameters.json#",
  "contentVersion": "1.0.0.0",
  "parameters": {
    "parTopLevelManagementGroupPrefix": {
      "value": "alz"
    },
    "parTopLevelManagementGroupSuffix": {
      "value": ""
    },
    "parTopLevelPolicyAssignmentSovereigntyGlobal": {
      "value": {
        "parTopLevelSovereigntyGlobalPoliciesEnable": false,
        "parListOfAllowedLocations": [],
        "parPolicyEffect": "Deny"
      }
    },
    "parPlatformMgAlzDefaultsEnable": {
      "value": true
    },
    "parLandingZoneChildrenMgAlzDefaultsEnable": {
      "value": true
    },
    "parLandingZoneMgConfidentialEnable": {
      "value": false
    },
    "parPolicyAssignmentSovereigntyConfidential": {
      "value": {
        "parAllowedResourceTypes": [],
        "parListOfAllowedLocations": [],
        "parAllowedVirtualMachineSKUs": [],
        "parPolicyEffect": "Deny"
      }
    },
    "parLogAnalyticsWorkSpaceAndAutomationAccountLocation": {
      "value": "eastus"
    },
    "parLogAnalyticsWorkspaceResourceId": {
      "value": "/subscriptions/xxxxxxxx-xxxx-xxxx-xxxx-xxxxxxxxxxxx/resourceGroups/alz-logging/providers/Microsoft.OperationalInsights/workspaces/alz-log-analytics"
    },
    "parLogAnalyticsWorkspaceLogRetentionInDays": {
      "value": "365"
    },
    "parAutomationAccountName": {
      "value": "alz-automation-account"
    },
    "parMsDefenderForCloudEmailSecurityContact": {
      "value": "security_contact@replace_me.com"
    },
    "parDdosProtectionPlanId": {
      "value": "/subscriptions/xxxxxxxx-xxxx-xxxx-xxxx-xxxxxxxxxxxx/resourceGroups/rg-alz-hub-networking-001/providers/Microsoft.Network/ddosProtectionPlans/alz-ddos-plan"
    },
    "parPrivateDnsResourceGroupId": {
      "value": "/subscriptions/xxxxxxxx-xxxx-xxxx-xxxx-xxxxxxxxxxxx/resourceGroups/rg-alz-hub-networking-001"
    },
    "parPrivateDnsZonesNamesToAuditInCorp": {
      "value": []
    },
    "parDisableAlzDefaultPolicies": {
      "value": false
    },
    "parVmBackupExclusionTagName": {
      "value": ""
    },
    "parVmBackupExclusionTagValue": {
      "value": []
    },
    "parExcludedPolicyAssignments": {
      "value": []
    },
    "parTelemetryOptOut": {
      "value": false
    }
  }
}
