{
  "$schema": "https://schema.management.azure.com/schemas/2019-04-01/deploymentParameters.json#",
  "contentVersion": "1.0.0.0",
  "parameters": {
    "parLogAnalyticsWorkspaceName": {
      "value": "alz-log-analytics"
    },
    "parLogAnalyticsWorkspaceLocation": {
      "value": "eastus"
    },
    "parLogAnalyticsWorkspaceSkuName": {
      "value": "PerGB2018"
    },
    "parLogAnalyticsWorkspaceCapacityReservationLevel": {
      "value": 100
    },
    "parLogAnalyticsWorkspaceLogRetentionInDays": {
      "value": 365
    },
    "parLogAnalyticsWorkspaceSolutions": {
      "value": [
        "AgentHealthAssessment",
        "AntiMalware",
        "ChangeTracking",
        "Security",
        "SecurityInsights",
        "SQLAdvancedThreatProtection",
        "SQLVulnerabilityAssessment",
        "SQLAssessment",
        "Updates",
        "VMInsights"
      ]
    },
    "parLogAnalyticsWorkspaceLinkAutomationAccount": {
      "value": true
    },
    "parAutomationAccountName": {
      "value": "alz-automation-account"
    },
    "parAutomationAccountLocation": {
      "value": "eastus2"
    },
    "parAutomationAccountUseManagedIdentity": {
      "value": true
    },
    "parAutomationAccountPublicNetworkAccess": {
      "value": true
    },
    "parTags": {
      "value": {
        "Environment": "Live"
      }
    },
    "parUseSentinelClassicPricingTiers": {
      "value": false
    },
    "parLogAnalyticsLinkedServiceAutomationAccountName": {
      "value": "Automation"
    },
    "parTelemetryOptOut": {
      "value": false
    },
    "parGlobalResourceLock": {
      "value": {
        "kind": "None",
        "notes": "This lock was created by the ALZ Bicep Logging Module."
      }
    },
    "parAutomationAccountLock": {
      "value": {
        "kind": "None",
        "notes": "This lock was created by the ALZ Bicep Logging Module."
      }
    },
    "parLogAnalyticsWorkspaceLock": {
      "value": {
        "kind": "None",
        "notes": "This lock was created by the ALZ Bicep Logging Module."
      }
    },
    "parLogAnalyticsWorkspaceSolutionsLock": {
      "value": {
        "kind": "None",
        "notes": "This lock was created by the ALZ Bicep Logging Module."
      }
    }
  }
}
