{
  "name": "Deploy-MDFC-Config",
  "type": "Microsoft.Authorization/policyAssignments",
  "apiVersion": "2019-09-01",
  "properties": {
    "description": "Deploy Microsoft Defender for Cloud configuration and Security Contacts",
    "displayName": "Deploy Microsoft Defender for Cloud configuration",
    "notScopes": [],
    "parameters": {
      "emailSecurityContact": {
        "value": "security_contact@replace_me"
      },
      "logAnalytics": {
        "value": "law-alz"
      },
      "ascExportResourceGroupName": {
        "value": "asc-export-alz"
      },
      "ascExportResourceGroupLocation": {
        "value": "northeurope"
      },
      "enableAscForServers": {
        "value": "DeployIfNotExists"
      },
      "enableAscForServersVulnerabilityAssessments": {
        "value": "DeployIfNotExists"
      },
      "vulnerabilityAssessmentProvider": {
        "value": "mdeTvm"
      },
      "enableAscForSql": {
        "value": "DeployIfNotExists"
      },
      "enableAscForAppServices": {
        "value": "DeployIfNotExists"
      },
      "enableAscForStorage": {
        "value": "DeployIfNotExists"
      },
      "enableAscForContainers": {
        "value": "DeployIfNotExists"
      },
      "enableAscForKeyVault": {
        "value": "DeployIfNotExists"
      },
      "enableAscForSqlOnVm": {
        "value": "DeployIfNotExists"
      },
      "enableAscForArm": {
        "value": "DeployIfNotExists"
      },
      "enableAscForDns": {
        "value": "DeployIfNotExists"
      },
      "enableAscForOssDb": {
        "value": "DeployIfNotExists"
      },
      "enableAscForCosmosDbs": {
        "value": "DeployIfNotExists"
      },
      "enableAscForApis": {
        "value": "DeployIfNotExists"
      },
      "enableAscForCspm": {
        "value": "DeployIfNotExists"
      }
    },
    "policyDefinitionId": "${varTopLevelManagementGroupResourceId}/providers/Microsoft.Authorization/policySetDefinitions/Deploy-MDFC-Config",
    "scope": null,
    "enforcementMode": "Default"
  },
  "location": null,
  "identity": {
    "type": "SystemAssigned"
  }
}