{
  "name": "Deny-RSG-Locations",
  "type": "Microsoft.Authorization/policyAssignments",
  "apiVersion": "2019-09-01",
  "properties": {
    "description": "Specifies the allowed locations (regions) where Resource Groups can be deployed.",
    "displayName": "Limit allowed locations for Resource Groups",
    "notScopes": [],
    "parameters": {
      "listOfAllowedLocations": {
        "value": [
          "uksouth",
          "ukwest"
        ]
      }
    },
    "policyDefinitionId": "/providers/Microsoft.Authorization/policyDefinitions/e765b5de-1225-4ba3-bd56-1ac6695af988",
    "scope": null,
    "enforcementMode": "Default"
  },
  "location": null,
  "identity": {
    "type": "None"
  }
}