{
  "name": "Audit-AppGW-WAF",
  "type": "Microsoft.Authorization/policyAssignments",
  "apiVersion": "2019-09-01",
  "properties": {
    "description": "Assign the WAF should be enabled for Application Gateway audit policy.",
    "displayName": "Web Application Firewall (WAF) should be enabled for Application Gateway",
    "notScopes": [],
    "parameters": {
      "effect": {
        "value": "Audit"
      }
    },
    "policyDefinitionId": "/providers/Microsoft.Authorization/policyDefinitions/564feb30-bf6a-4854-b4bb-0d2d2d1e6c66",
    "scope": null,
    "enforcementMode": "Default"
  },
  "location": null,
  "identity": {
    "type": "None"
  }
}