{
  "name": "Deny-DataB-Pip",
  "type": "Microsoft.Authorization/policyAssignments",
  "apiVersion": "2019-09-01",
  "properties": {
    "description": "Prevent the deployment of Databricks workspaces that do not use the noPublicIp feature to host Databricks clusters without public IPs.",
    "displayName": "Prevent usage of Databricks with public IP",
    "notScopes": [],
    "parameters": {
      "effect": {
        "value": "Deny"
      }
    },
    "policyDefinitionId": "${varTopLevelManagementGroupResourceId}/providers/Microsoft.Authorization/policyDefinitions/Deny-Databricks-NoPublicIp",
    "scope": null,
    "enforcementMode": "Default"
  },
  "location": null,
  "identity": {
    "type": "None"
  }
}
